model,repeats,test_rows,avg_predict_time_ms,avg_per_sample_us
logistic,20,2737,0.45221499999996695,0.16522287175738654
knn,20,2737,40.86294499999923,14.929830105955144
svm,20,2737,312.4949299999997,114.17425283156732
random_forest,20,2737,80.56741999999986,29.4363975155279
xgboost,20,2737,78.47241999999994,28.67096090610155
